SPORT,SPORT_TYPE,ADDRESS_WORD_NUMBER,ALT,GROUP,BANK,WORD,I_BIT,H_BIT,HIGH_NIBBLE,LOW_NIBBLE,BLANK_TYPE,SEGMENT_DATA,
MMBASEBALL3,baseball,1,1,1,1,1,periodHorn,0,secondsTens,secondsUnits,0,,
MMBASEBALL3,baseball,1,2,1,1,1,periodHorn,0,minutesTens,minutesUnits,0,,
MMBASEBALL3,baseball,1,4,1,1,1,periodHorn,0,timeOfDayClock_minutesTens,timeOfDayClock_minutesUnits,0,,
MMBASEBALL3,baseball,2,1,1,1,2,periodHorn,0,minutesTens,minutesUnits,0,,
MMBASEBALL3,baseball,2,2,1,1,2,periodHorn,0,blank,blank,0,,
MMBASEBALL3,baseball,2,4,1,1,2,periodHorn,0,timeOfDayClock_hoursTens,timeOfDayClock_hoursUnits,0,,
MMBASEBALL3,baseball,3,1,1,1,3,colonIndicator,0,,hoursUnits,L,,
MMBASEBALL3,baseball,3,2,1,1,3,colonIndicator,0,,hoursUnits,0,,
MMBASEBALL3,baseball,4,1,1,1,4,active,0,,blank,0,,
,,,,,,,,,,,,,
MMBASEBALL3,baseball,5,1,1,2,1,inningTens,0,teamTwoScoreTens,teamTwoScoreUnits,0,,
MMBASEBALL3,baseball,5,2,1,2,1,teamTwoScoreTens,0,inningUnits,teamTwoScoreUnits,0,,
MMBASEBALL3,baseball,6,1,1,2,2,errorIndicator,0,teamOneScoreTens,teamOneScoreUnits,0,,
MMBASEBALL3,baseball,6,2,1,2,2,teamOneScoreTens,0,inningTens,teamOneScoreUnits,0,,
MMBASEBALL3,baseball,7,1,1,2,3,hitIndicator,1,,inningUnits,0,,
MMBASEBALL3,baseball,7,2,1,2,3,hitIndicator,errorIndicator,,0,0,BSO,
MMBASEBALL3,baseball,8,1,1,2,4,active,0,,0,0,BSO,
MMBASEBALL3,baseball,8,2,1,2,4,active,0,,0,0,0,
,,,,,,,,,,,,,
MMBASEBALL3,baseball,9,1,1,3,1,inningTens,0,teamTwoScoreTens,teamTwoScoreUnits,0,,
MMBASEBALL3,baseball,9,2,1,3,1,teamTwoScoreTens,0,inningUnits,teamTwoScoreUnits,0,,
MMBASEBALL3,baseball,10,1,1,3,2,errorIndicator,0,teamOneScoreTens,teamOneScoreUnits,0,,
MMBASEBALL3,baseball,10,2,1,3,2,teamOneScoreTens,0,inningTens,teamOneScoreUnits,0,,
MMBASEBALL3,baseball,11,1,1,3,3,hitIndicator,1,,inningUnits,0,,
MMBASEBALL3,baseball,11,2,1,3,3,hitIndicator,errorIndicator,,0,0,BSO,
MMBASEBALL3,baseball,12,1,1,3,4,active,0,,0,0,BSO,
MMBASEBALL3,baseball,12,2,1,3,4,active,0,,0,0,0,
,,,,,,,,,,,,,
MMBASEBALL3,baseball,13,1,1,4,1,hitIndicator,0,strikes,balls,IsolateHL,,
MMBASEBALL3,baseball,14,1,1,4,2,errorIndicator,0,outs,outs,IsolateHL,,
MMBASEBALL3,baseball,15,1,1,4,3,0,teamOneAtBatIndicator,,balls,IsolateHL,,
MMBASEBALL3,baseball,16,1,1,4,4,active,teamTwoAtBatIndicator,,0,0,BSO,
,,,,,,,,,,,,,
MMBASEBALL3,baseball,17,1,2,1,1,teamTwoPitchCountHundreds,0,teamTwoPitchCountTens,teamTwoPitchCountUnits,IbHL,,
MMBASEBALL3,baseball,18,1,2,1,2,teamOnePitchCountHundreds,0,teamOnePitchCountTens,teamOnePitchCountUnits,IbHL,,
MMBASEBALL3,baseball,19,1,2,1,3,0,singlePitchCountHundreds,,singlePitchCountTens,HbL,,
MMBASEBALL3,baseball,20,1,2,1,4,active,0,,singlePitchCountUnits,0,,
,,,,,,,,,,,,,
MMBASEBALL3,baseball,21,1,2,2,1,periodHorn,0,minutesTens,minutesUnits,HL,,
MMBASEBALL3,baseball,21,2,2,2,1,periodHorn,0,blank,blank,0,,
MMBASEBALL3,baseball,21,4,2,2,1,periodHorn,0,timeOfDayClock_hoursTens,timeOfDayClock_hoursUnits,HL,,
MMBASEBALL3,baseball,22,1,2,2,2,visualHornIndicator1,0,secondsTens,secondsUnits,0,,
MMBASEBALL3,baseball,22,2,2,2,2,visualHornIndicator1,0,minutesTens,minutesUnits,HL,,
MMBASEBALL3,baseball,22,4,2,2,2,visualHornIndicator1,0,timeOfDayClock_minutesTens,timeOfDayClock_minutesUnits,0,,
MMBASEBALL3,baseball,23,1,2,2,3,0,0,,hoursUnits,L,,
MMBASEBALL3,baseball,23,2,2,2,3,0,0,,hoursUnits,0,,
MMBASEBALL3,baseball,24,1,2,2,4,active,colonIndicator,,blank,0,,
,,,,,,,,,,,,,
MMBASEBALL3,baseball,25,1,2,3,1,inningTens,0,teamTwoScoreTens,teamTwoScoreUnits,0,,
MMBASEBALL3,baseball,25,2,2,3,1,teamTwoScoreTens,0,inningUnits,teamTwoScoreUnits,0,,
MMBASEBALL3,baseball,26,1,2,3,2,errorIndicator,0,teamOneScoreTens,teamOneScoreUnits,0,,
MMBASEBALL3,baseball,26,2,2,3,2,teamOneScoreTens,0,inningTens,teamOneScoreUnits,H,,
MMBASEBALL3,baseball,27,1,2,3,3,0,hitIndicator,,inningUnits,L,,
MMBASEBALL3,baseball,27,2,2,3,3,hitIndicator,errorIndicator,,0,0,BSO,
MMBASEBALL3,baseball,28,1,2,3,4,active,0,,0,0,BSO,
MMBASEBALL3,baseball,28,2,2,3,4,active,0,,0,0,f_hitIndicator,
,,,,,,,,,,,,,
MMBASEBALL3,baseball,29,1,2,4,1,0,0,blank,blank,0,0,
MMBASEBALL3,baseball,30,1,2,4,2,0,0,blank,blank,0,0,
MMBASEBALL3,baseball,31,1,2,4,3,0,0,,blank,0,0,
MMBASEBALL3,baseball,32,1,2,4,4,0,0,,blank,0,0,
,,,,,,,,,,,,,
MMBASEBALL4,baseball,1,1,1,1,1,periodHorn,0,secondsTens,secondsUnits,0,,
MMBASEBALL4,baseball,2,1,1,1,2,periodHorn,0,minutesTens,minutesUnits,HL,,
MMBASEBALL4,baseball,3,1,1,1,3,colonIndicator,0,,inningUnits,0,,
MMBASEBALL4,baseball,4,1,1,1,4,active,0,,blank,0,,
,,,,,,,,,,,,,
MMBASEBALL4,baseball,5,1,1,2,1,0,0,blank,blank,0,0,
MMBASEBALL4,baseball,6,1,1,2,2,0,0,blank,blank,0,0,
MMBASEBALL4,baseball,7,1,1,2,3,0,0,,blank,0,0,
MMBASEBALL4,baseball,8,1,1,2,4,0,0,,blank,0,0,
,,,,,,,,,,,,,
MMBASEBALL4,baseball,9,1,1,3,1,outs1,0,teamTwoScoreTens,teamTwoScoreUnits,0,,
MMBASEBALL4,baseball,10,1,1,3,2,outs2,0,teamOneScoreTens,teamOneScoreUnits,0,,
MMBASEBALL4,baseball,11,1,1,3,3,0,inningTens,,inningTens,L,,
MMBASEBALL4,baseball,12,1,1,3,4,active,0,,0,0,abcBall_efStrike,
,,,,,,,,,,,,,
MMBASEBALL4,baseball,13,1,1,4,1,hitIndicator,0,strikes,balls,IsolateHL,,
MMBASEBALL4,baseball,14,1,1,4,2,errorIndicator,0,outs,outs,IsolateHL,,
MMBASEBALL4,baseball,15,1,1,4,3,0,0,,balls,IsolateHL,,
MMBASEBALL4,baseball,16,1,1,4,4,active,0,,0,0,BSO,
,,,,,,,,,,,,,
MMBASEBALL4,baseball,17,1,2,1,1,teamTwoPitchCountHundreds,0,teamTwoPitchCountTens,teamTwoPitchCountUnits,IbHL,,
MMBASEBALL4,baseball,18,1,2,1,2,teamOnePitchCountHundreds,0,teamOnePitchCountTens,teamOnePitchCountUnits,IbHL,,
MMBASEBALL4,baseball,19,1,2,1,3,0,singlePitchCountHundreds,,singlePitchCountTens,HbL,,
MMBASEBALL4,baseball,20,1,2,1,4,active,0,,singlePitchCountUnits,0,,
,,,,,,,,,,,,,
MMBASEBALL4,baseball,21,1,2,2,1,periodHorn,0,minutesTens,minutesUnits,HL,,
MMBASEBALL4,baseball,22,1,2,2,2,visualHornIndicator1,0,secondsTens,secondsUnits,0,,
MMBASEBALL4,baseball,23,1,2,2,3,0,0,,inningUnits,0,,
MMBASEBALL4,baseball,24,1,2,2,4,active,colonIndicator,,blank,0,,
,,,,,,,,,,,,,
MMBASEBALL4,baseball,25,1,2,3,1,outs1,0,teamTwoScoreTens,teamTwoScoreUnits,HL,,
MMBASEBALL4,baseball,26,1,2,3,2,outs2,0,teamOneScoreTens,teamOneScoreUnits,HL,,
MMBASEBALL4,baseball,27,1,2,3,3,0,inningTens,,inningTens,L,,
MMBASEBALL4,baseball,28,1,2,3,4,active,0,,0,0,abcBall_efStrike,
,,,,,,,,,,,,,
MMBASEBALL4,baseball,29,1,2,4,1,0,0,blank,blank,0,0,
MMBASEBALL4,baseball,30,1,2,4,2,0,0,blank,blank,0,0,
MMBASEBALL4,baseball,31,1,2,4,3,0,0,,blank,0,0,
MMBASEBALL4,baseball,32,1,2,4,4,active,0,,blank,0,0,
,,,,,,,,,,,,,
MPBASEBALL1,baseball,1,1,1,1,1,periodHorn,0,secondsTens,secondsUnits,0,,
MPBASEBALL1,baseball,1,2,1,1,1,periodHorn,0,minutesTens,minutesUnits,0,,
MPBASEBALL1,baseball,1,4,1,1,1,periodHorn,0,timeOfDayClock_minutesTens,timeOfDayClock_minutesUnits,0,,
MPBASEBALL1,baseball,2,1,1,1,2,periodHorn,0,minutesTens,minutesUnits,0,,
MPBASEBALL1,baseball,2,2,1,1,2,periodHorn,0,0,0,0,,
MPBASEBALL1,baseball,2,4,1,1,2,periodHorn,0,timeOfDayClock_hoursTens,timeOfDayClock_hoursUnits,0,,
MPBASEBALL1,baseball,3,1,1,1,3,colonIndicator,0,,hoursUnits,L,,
MPBASEBALL1,baseball,3,2,1,1,3,colonIndicator,0,,hoursUnits,0,,
MPBASEBALL1,baseball,4,1,1,1,4,active,0,,blank,0,,
,,,,,,,,,,,,,
MPBASEBALL1,baseball,5,1,1,2,1,inningTens,0,teamTwoScoreTens,teamTwoScoreUnits,0,,
MPBASEBALL1,baseball,5,2,1,2,1,teamTwoScoreTens,0,inningUnits,teamTwoScoreUnits,0,,
MPBASEBALL1,baseball,6,1,1,2,2,errorIndicator,0,teamOneScoreTens,teamOneScoreUnits,0,,
MPBASEBALL1,baseball,6,2,1,2,2,teamOneScoreTens,0,inningTens,teamOneScoreUnits,0,,
MPBASEBALL1,baseball,7,1,1,2,3,hitIndicator,1,,inningUnits,0,,
MPBASEBALL1,baseball,7,2,1,2,3,hitIndicator,errorIndicator,,0,0,BSO,
MPBASEBALL1,baseball,8,1,1,2,4,active,0,,0,0,BSO,
MPBASEBALL1,baseball,8,2,1,2,4,active,0,,0,0,0,
,,,,,,,,,,,,,
MPBASEBALL1,baseball,9,1,1,3,1,inningTens,0,teamTwoScoreTens,teamTwoScoreUnits,0,,
MPBASEBALL1,baseball,9,2,1,3,1,teamTwoScoreTens,0,inningUnits,teamTwoScoreUnits,0,,
MPBASEBALL1,baseball,10,1,1,3,2,errorIndicator,0,teamOneScoreTens,teamOneScoreUnits,0,,
MPBASEBALL1,baseball,10,2,1,3,2,teamOneScoreTens,0,inningTens,teamOneScoreUnits,0,,
MPBASEBALL1,baseball,11,1,1,3,3,hitIndicator,1,,inningUnits,0,,
MPBASEBALL1,baseball,11,2,1,3,3,hitIndicator,errorIndicator,,0,0,BSO,
MPBASEBALL1,baseball,12,1,1,3,4,active,0,,0,0,BSO,
MPBASEBALL1,baseball,12,2,1,3,4,active,0,,0,0,0,
,,,,,,,,,,,,,
MPBASEBALL1,baseball,13,1,1,4,1,hitIndicator,0,strikes,balls,IsolateHL,,
MPBASEBALL1,baseball,14,1,1,4,2,errorIndicator,0,outs,outs,IsolateHL,,
MPBASEBALL1,baseball,15,1,1,4,3,0,teamOneAtBatIndicator,,balls,IsolateHL,,
MPBASEBALL1,baseball,16,1,1,4,4,active,teamTwoAtBatIndicator,,0,0,BSO,
,,,,,,,,,,,,,
MPBASEBALL1,baseball,17,1,2,1,1,teamTwoPitchCountHundreds,0,teamTwoPitchCountTens,teamTwoPitchCountUnits,IbHL,,
MPBASEBALL1,baseball,18,1,2,1,2,teamOnePitchCountHundreds,0,teamOnePitchCountTens,teamOnePitchCountUnits,IbHL,,
MPBASEBALL1,baseball,19,1,2,1,3,0,singlePitchCountHundreds,,singlePitchCountTens,HbLH,,
MPBASEBALL1,baseball,20,1,2,1,4,active,0,,singlePitchCountUnits,0,,
,,,,,,,,,,,,,
MPBASEBALL1,baseball,21,1,2,2,1,periodHorn,0,minutesTens,minutesUnits,HL,,
MPBASEBALL1,baseball,21,2,2,2,1,periodHorn,0,blank,blank,0,,
MPBASEBALL1,baseball,21,4,2,2,1,periodHorn,0,timeOfDayClock_hoursTens,timeOfDayClock_hoursUnits,HL,,
MPBASEBALL1,baseball,22,1,2,2,2,visualHornIndicator1,0,secondsTens,secondsUnits,0,,
MPBASEBALL1,baseball,22,2,2,2,2,visualHornIndicator1,0,minutesTens,minutesUnits,0,,
MPBASEBALL1,baseball,22,4,2,2,2,visualHornIndicator1,0,timeOfDayClock_minutesTens,timeOfDayClock_minutesUnits,0,,
MPBASEBALL1,baseball,23,1,2,2,3,0,0,,hoursUnits,L,,
MPBASEBALL1,baseball,23,2,2,2,3,0,0,,hoursUnits,0,,
MPBASEBALL1,baseball,24,1,2,2,4,active,colonIndicator,,blank,0,,
,,,,,,,,,,,,,
MPBASEBALL1,baseball,25,1,2,3,1,inningTens,0,teamTwoScoreTens,teamTwoScoreUnits,0,,
MPBASEBALL1,baseball,25,2,2,3,1,teamTwoScoreTens,0,inningUnits,teamTwoScoreUnits,0,,
MPBASEBALL1,baseball,26,1,2,3,2,errorIndicator,0,teamOneScoreTens,teamOneScoreUnits,0,,
MPBASEBALL1,baseball,26,2,2,3,2,teamOneScoreTens,0,inningTens,teamOneScoreUnits,0,,
MPBASEBALL1,baseball,27,1,2,3,3,0,hitIndicator,,inningUnits,L,,
MPBASEBALL1,baseball,27,2,2,3,3,hitIndicator,errorIndicator,,0,0,BSO,
MPBASEBALL1,baseball,28,1,2,3,4,active,0,,0,0,BSO,
MPBASEBALL1,baseball,28,2,2,3,4,active,0,,0,0,f_hitIndicator,
,,,,,,,,,,,,,
MPBASEBALL1,baseball,29,1,2,4,1,0,0,blank,blank,0,0,
MPBASEBALL1,baseball,30,1,2,4,2,0,0,blank,blank,0,0,
MPBASEBALL1,baseball,31,1,2,4,3,0,0,,blank,0,0,
MPBASEBALL1,baseball,32,1,2,4,4,active,0,,blank,0,0,
,,,,,,,,,,,,,
MPFOOTBALL1,football,1,1,1,1,1,periodHorn,0,secondsTens,secondsUnits,0,,
MPFOOTBALL1,football,1,2,1,1,1,periodHorn,0,tenthsUnits,0,AlwaysZeroLow,,
MPFOOTBALL1,football,1,3,1,1,1,periodHorn,0,timeOutTimer_secondsTens,timeOutTimer_secondsUnits,0,,
MPFOOTBALL1,football,1,4,1,1,1,periodHorn,0,timeOfDayClock_hoursTens,timeOfDayClock_hoursUnits,0,,
MPFOOTBALL1,football,2,1,1,1,2,0,0,minutesTens,minutesUnits,HL,,
MPFOOTBALL1,football,2,2,1,1,2,0,0,secondsTens,secondsUnits,0,,
MPFOOTBALL1,football,2,3,1,1,2,0,0,timeOutTimer_minutesTens,timeOutTimer_minutesUnits,HL,,
MPFOOTBALL1,football,2,4,1,1,2,0,0,timeOfDayClock_hoursTens,timeOfDayClock_hoursUnits,HL,,
MPFOOTBALL1,football,3,1,1,1,3,colonIndicator,0,,quarter,L,,
MPFOOTBALL1,football,4,1,1,1,4,active,0,,blank,L,,
,,,,,,,,,,,,,
MPFOOTBALL1,football,5,1,1,2,1,delayOfGameHorn,0,delayOfGameClock_secondsTens,delayOfGameClock_secondsUnits,0,,
MPFOOTBALL1,football,5,2,1,2,1,0,0,segmentCountTens,segmentCountUnits,HL,,
MPFOOTBALL1,football,6,1,1,2,2,periodHorn,0,secondsTens,secondsUnits,0,,
MPFOOTBALL1,football,6,2,1,2,2,periodHorn,0,tenthsUnits,blank,AlwaysLow,,
MPFOOTBALL1,football,6,3,1,2,2,periodHorn,0,timeOutTimer_secondsTens,timeOutTimer_secondsUnits,0,,
MPFOOTBALL1,football,6,4,1,2,2,periodHorn,0,timeOfDayClock_hoursTens,timeOfDayClock_hoursUnits,0,,
MPFOOTBALL1,football,7,1,1,2,3,0,visualHornIndicator1,,minutesUnits,0,,
MPFOOTBALL1,football,7,2,1,2,3,0,visualHornIndicator1,,secondsUnits,0,,
MPFOOTBALL1,football,7,3,1,2,3,0,visualHornIndicator1,,timeOutTimer_minutesUnits,0,,
MPFOOTBALL1,football,7,4,1,2,3,0,visualHornIndicator1,,timeOfDayClock_hoursUnits,0,,
MPFOOTBALL1,football,8,1,1,2,4,active,0,,minutesTens,L,,
MPFOOTBALL1,football,8,2,1,2,4,active,0,,secondsTens,L,,
MPFOOTBALL1,football,8,3,1,2,4,active,0,,timeOutTimer_minutesTens,L,,
MPFOOTBALL1,football,8,4,1,2,4,active,0,,timeOfDayClock_hoursTens,L,,
,,,,,,,,,,,,,
MPFOOTBALL1,football,9,1,1,3,1,teamTwoPossession,0,teamTwoScoreTens,teamTwoScoreUnits,0,,
MPFOOTBALL1,football,9,2,1,3,1,teamTwoPossession,0,segmentCountTens,segmentCountUnits,0,,
MPFOOTBALL1,football,10,1,1,3,2,teamOnePossession,0,teamOneScoreTens,teamOneScoreUnits,0,,
MPFOOTBALL1,football,11,1,1,3,3,0,0,,blank,0,,
MPFOOTBALL1,football,11,2,1,3,3,0,0,,tenthsUnits,0,,
MPFOOTBALL1,football,12,1,1,3,4,active,0,,teamTwoTimeOutsLeft,0,,
,,,,,,,,,,,,,
MPFOOTBALL1,football,13,1,1,4,1,0,0,yardsToGoTens,yardsToGoUnits,0,,
MPFOOTBALL1,football,14,1,1,4,2,0,0,ballOnTens,ballOnUnits,0,,
MPFOOTBALL1,football,15,1,1,4,3,0,0,,down,L,,
MPFOOTBALL1,football,16,1,1,4,4,active,0,,teamOneTimeOutsLeft,0,,
,,,,,,,,,,,,,
MPFOOTBALL1,football,17,1,2,1,1,0,0,teamOneTimeOutsLeft,teamTwoTimeOutsLeft,0,,
MPFOOTBALL1,football,18,1,2,1,2,0,0,blank,blank,0,,
MPFOOTBALL1,football,18,2,2,1,2,0,0,tenthsUnits,blank,AlwaysLow,,
MPFOOTBALL1,football,19,1,2,1,3,0,0,,teamTwoTimeOutsLeft,0,,
MPFOOTBALL1,football,20,1,2,1,4,active,0,,teamOneTimeOutsLeft,0,,
,,,,,,,,,,,,,
MPFOOTBALL1,football,21,1,2,2,1,periodHorn,0,minutesTens,minutesUnits,HL,,
MPFOOTBALL1,football,21,2,2,2,1,periodHorn,0,secondsTens,secondsUnits,0,,
MPFOOTBALL1,football,21,3,2,2,1,periodHorn,0,timeOutTimer_minutesTens,timeOutTimer_minutesUnits,HL,,
MPFOOTBALL1,football,21,4,2,2,1,periodHorn,0,timeOfDayClock_hoursTens,timeOfDayClock_hoursUnits,HL,,
MPFOOTBALL1,football,22,1,2,2,2,visualHornIndicator1,0,secondsTens,secondsUnits,0,,
MPFOOTBALL1,football,22,2,2,2,2,visualHornIndicator1,0,tenthsUnits,blank,AlwaysLow,,
MPFOOTBALL1,football,22,3,2,2,2,visualHornIndicator1,0,timeOutTimer_secondsTens,timeOutTimer_secondsUnits,0,,
MPFOOTBALL1,football,22,4,2,2,2,visualHornIndicator1,0,timeOfDayClock_hoursTens,timeOfDayClock_hoursUnits,0,,
MPFOOTBALL1,football,23,1,2,2,3,0,0,,yardsToGoUnits,0,,
MPFOOTBALL1,football,23,2,2,2,3,0,0,,quarter,L,,
MPFOOTBALL1,football,24,1,2,2,4,active,colonIndicator,,0,0,fQtr4_gDec,
,,,,,,,,,,,,,
MPFOOTBALL1,football,25,1,2,3,1,teamTwoPossession,0,teamTwoScoreTens,teamTwoScoreUnits,HL,,
MPFOOTBALL1,football,25,2,2,3,1,teamTwoPossession,0,segmentCountTens,segmentCountUnits,HL,,
MPFOOTBALL1,football,26,1,2,3,2,teamOnePossession,0,teamOneScoreTens,teamOneScoreUnits,HL,,
MPFOOTBALL1,football,27,1,2,3,3,0,0,,yardsToGoTens,L,,
MPFOOTBALL1,football,28,1,2,3,4,active,0,,0,0,Down_Quarter,
,,,,,,,,,,,,,
MPFOOTBALL1,football,29,1,2,4,1,0,0,yardsToGoTens,yardsToGoUnits,HL,,
MPFOOTBALL1,football,30,1,2,4,2,0,0,ballOnTens,ballOnUnits,HL,,
MPFOOTBALL1,football,31,1,2,4,3,0,0,,down,L,,
MPFOOTBALL1,football,32,1,2,4,4,active,0,,quarter,L,,
,,,,,,,,,,,,,
MMFOOTBALL4,football,1,1,1,1,1,periodHorn,0,secondsTens,secondsUnits,0,,
MMFOOTBALL4,football,1,2,1,1,1,periodHorn,0,tenthsUnits,blank,0,,
MMFOOTBALL4,football,2,1,1,1,2,periodHorn,0,minutesTens,minutesUnits,0,,
MMFOOTBALL4,football,2,2,1,1,2,periodHorn,0,secondsTens,secondsUnits,0,,
MMFOOTBALL4,football,3,1,1,1,3,colonIndicator,0,,yardsToGoUnits,0,,
MMFOOTBALL4,football,3,2,1,1,3,colonIndicator,0,,quarter,L,,
MMFOOTBALL4,football,4,1,1,1,4,active,0,,blank,0,,
,,,,,,,,,,,,,
MMFOOTBALL4,football,5,1,1,2,1,0,0,blank,blank,0,,
MMFOOTBALL4,football,5,2,1,2,1,0,0,blank,blank,0,,
MMFOOTBALL4,football,6,1,1,2,2,periodHorn,0,secondsTens,secondsUnits,0,,
MMFOOTBALL4,football,6,2,1,2,2,periodHorn,0,tenthsUnits,blank,AlwaysLow,,
MMFOOTBALL4,football,7,1,1,2,3,0,visualHornIndicator1,,minutesUnits,0,,
MMFOOTBALL4,football,7,2,1,2,3,0,visualHornIndicator1,,secondsUnits,0,,
MMFOOTBALL4,football,8,1,1,2,4,active,0,,minutesTens,L,,
MMFOOTBALL4,football,8,2,1,2,4,active,0,,secondsTens,L,,
,,,,,,,,,,,,,
MMFOOTBALL4,football,9,1,1,3,1,0,0,teamTwoScoreTens,teamTwoScoreUnits,0,,
MMFOOTBALL4,football,9,2,1,3,1,0,0,segmentCountTens,segmentCountUnits,HL,,
MMFOOTBALL4,football,10,1,1,3,2,0,0,teamOneScoreTens,teamOneScoreUnits,0,,
MMFOOTBALL4,football,11,1,1,3,3,quarter4,0,,yardsToGoTens,L,,
MMFOOTBALL4,football,12,1,1,3,4,active,0,,0,0,Down_Quarter,
,,,,,,,,,,,,,
MMFOOTBALL4,football,13,1,1,4,1,0,0,blank,blank,0,0,
MMFOOTBALL4,football,14,1,1,4,2,0,0,blank,blank,0,0,
MMFOOTBALL4,football,15,1,1,4,3,0,0,,blank,0,0,
MMFOOTBALL4,football,16,1,1,4,4,0,0,,blank,0,0,
,,,,,,,,,,,,,
MMFOOTBALL4,football,17,1,2,1,1,0,0,blank,blank,0,0,
MMFOOTBALL4,football,18,1,2,1,2,0,0,blank,blank,0,0,
MMFOOTBALL4,football,19,1,2,1,3,0,0,,blank,0,0,
MMFOOTBALL4,football,20,1,2,1,4,0,0,,blank,0,0,
,,,,,,,,,,,,,
MMFOOTBALL4,football,21,1,2,2,1,periodHorn,0,minutesTens,minutesUnits,HL,,
MMFOOTBALL4,football,21,2,2,2,1,periodHorn,0,secondsTens,secondsUnits,HL,,
MMFOOTBALL4,football,22,1,2,2,2,visualHornIndicator1,0,secondsTens,secondsUnits,0,,
MMFOOTBALL4,football,22,2,2,2,2,visualHornIndicator1,0,tenthsUnits,blank,AlwaysLow,,
MMFOOTBALL4,football,23,1,2,2,3,0,0,,yardsToGoUnits,0,,
MMFOOTBALL4,football,23,2,2,2,3,0,0,,quarter,L,,
MMFOOTBALL4,football,24,1,2,2,4,active,colonIndicator,,0,0,fQtr4_gDec,
,,,,,,,,,,,,,
MMFOOTBALL4,football,25,1,2,3,1,0,0,teamTwoScoreTens,teamTwoScoreUnits,HL,,
MMFOOTBALL4,football,25,2,2,3,1,0,0,segmentCountTens,segmentCountUnits,HL,,
MMFOOTBALL4,football,26,1,2,3,2,0,0,teamOneScoreTens,teamOneScoreUnits,HL,,
MMFOOTBALL4,football,27,1,2,3,3,0,0,,yardsToGoTens,L,,
MMFOOTBALL4,football,28,1,2,3,4,active,0,,0,0,Down_Quarter,
,,,,,,,,,,,,,
MMFOOTBALL4,football,29,1,2,4,1,0,0,yardsToGoTens,yardsToGoUnits,HL,,
MMFOOTBALL4,football,30,1,2,4,2,0,0,blank,blank,0,,
MMFOOTBALL4,football,31,1,2,4,3,0,0,,down,L,,
MMFOOTBALL4,football,32,1,2,4,4,active,0,,quarter,L,,
,,,,,,,,,,,,,
MPLINESCORE5,linescore,1,1,1,1,1,0,0,teamTwoScoreTens,teamTwoScoreUnits,HL,,
MPLINESCORE5,linescore,2,1,1,1,2,0,0,teamTwoHitsTens,teamTwoHitsUnits,HL,,
MPLINESCORE5,linescore,3,1,1,1,3,0,inningTens,,inningUnits,0,,
MPLINESCORE5,linescore,4,1,1,1,4,active,0,,teamTwoErrorsUnits,0,,
,,,,,,,,,,,,,
MPLINESCORE5,linescore,5,1,1,2,1,hitIndicator,0,batterNumberTens,batterNumberUnits,HL,,
MPLINESCORE5,linescore,5,2,1,2,1,hitIndicator,0,pitchSpeedTens,pitchSpeedUnits,HL,,
MPLINESCORE5,linescore,6,1,1,2,2,errorIndicator,0,strikes,balls,IsolateHL,,
MPLINESCORE5,linescore,7,1,1,2,3,0,0,,outs,L,,
MPLINESCORE5,linescore,7,2,1,2,3,pitchSpeedHundreds,0,,outs,L,,
MPLINESCORE5,linescore,8,1,1,2,4,active,0,,errorPosition,0,,
,,,,,,,,,,,,,
MPLINESCORE5,linescore,9,1,1,3,1,0,0,teamTwoScoreInn2,teamTwoScoreInn1,0,,
MPLINESCORE5,linescore,10,1,1,3,2,0,0,teamTwoScoreInn4,teamTwoScoreInn3,0,,
MPLINESCORE5,linescore,11,1,1,3,3,0,0,,teamTwoScoreInn5,0,,
MPLINESCORE5,linescore,12,1,1,3,4,active,0,,teamTwoScoreInn6,0,,
,,,,,,,,,,,,,
MPLINESCORE5,linescore,13,1,1,4,1,0,0,teamTwoScoreInn8,teamTwoScoreInn7,0,,
MPLINESCORE5,linescore,14,1,1,4,2,singlePitchCountHundreds,0,teamTwoScoreInn10,teamTwoScoreInn9,0,,
MPLINESCORE5,linescore,14,2,1,4,2,teamTwoPitchCountHundreds,0,teamTwoScoreInn10,teamTwoScoreInn9,0,,
MPLINESCORE5,linescore,15,1,1,4,3,0,teamOneAtBatIndicator,,singlePitchCountTens,L,,
MPLINESCORE5,linescore,15,2,1,4,3,0,teamOneAtBatIndicator,,teamTwoPitchCountTens,L,,
MPLINESCORE5,linescore,16,1,1,4,4,active,teamTwoAtBatIndicator,,singlePitchCountUnits,0,,
MPLINESCORE5,linescore,16,2,1,4,4,active,teamTwoAtBatIndicator,,teamTwoPitchCountUnits,0,,
,,,,,,,,,,,,,
MPLINESCORE5,linescore,17,1,2,1,1,hitIndicator,0,teamOneScoreTens,teamOneScoreUnits,HL,,
MPLINESCORE5,linescore,18,1,2,1,2,errorIndicator,0,teamOneHitsTens,teamOneHitsUnits,HL,,
MPLINESCORE5,linescore,19,1,2,1,3,0,0,,0,0,BSO,
MPLINESCORE5,linescore,20,1,2,1,4,active,0,,teamOneErrorsUnits,0,,
,,,,,,,,,,,,,
MPLINESCORE5,linescore,21,1,2,2,1,periodHorn,0,minutesTens,minutesUnits,HL,,
MPLINESCORE5,linescore,21,2,2,2,1,periodHorn,0,secondsTens,secondsUnits,0,,
MPLINESCORE5,linescore,21,4,2,2,1,periodHorn,0,timeOfDayClock_hoursTens,timeOfDayClock_hoursUnits,HL,,
MPLINESCORE5,linescore,22,1,2,2,2,visualHornIndicator1,0,secondsTens,secondsUnits,0,,
MPLINESCORE5,linescore,22,2,2,2,2,visualHornIndicator1,0,tenthsUnits,blank,AlwaysLow,,
MPLINESCORE5,linescore,22,4,2,2,2,visualHornIndicator1,0,timeOfDayClock_minutesTens,timeOfDayClock_minutesUnits,0,,
MPLINESCORE5,linescore,23,1,2,2,3,0,0,,hoursUnits,L,,
MPLINESCORE5,linescore,23,2,2,2,3,0,0,,hoursUnits,0,,
MPLINESCORE5,linescore,24,1,2,2,4,active,colonIndicator,,0,0,gDec,
,,,,,,,,,,,,,
MPLINESCORE5,linescore,25,1,2,3,1,0,0,teamOneScoreInn2,teamOneScoreInn1,0,,
MPLINESCORE5,linescore,26,1,2,3,2,0,0,teamOneScoreInn4,teamOneScoreInn3,0,,
MPLINESCORE5,linescore,27,1,2,3,3,0,0,,teamOneScoreInn5,0,,
MPLINESCORE5,linescore,28,1,2,3,4,active,0,,teamOneScoreInn6,0,,
,,,,,,,,,,,,,
MPLINESCORE5,linescore,29,1,2,4,1,0,0,teamOneScoreInn8,teamOneScoreInn7,0,,
MPLINESCORE5,linescore,30,1,2,4,2,0,0,teamOneScoreInn10,teamOneScoreInn9,0,,
MPLINESCORE5,linescore,31,1,2,4,3,0,pitchSpeedHundreds,0,pitchSpeedTens,IbLH,,
MPLINESCORE5,linescore,31,2,2,4,3,0,teamOnePitchCountHundreds,0,teamOnePitchCountTens,IbLH,,
MPLINESCORE5,linescore,31,3,2,4,3,0,0,0,batterNumberTens,L,,
MPLINESCORE5,linescore,32,1,2,4,4,active,0,,pitchSpeedUnits,0,,
MPLINESCORE5,linescore,32,2,2,4,4,active,0,,teamOnePitchCountUnits,0,,
MPLINESCORE5,linescore,32,3,2,4,4,active,0,,batterNumberUnits,0,,
,,,,,,,,,,,,,
MPBASKETBALL1,basketball,1,1,1,1,1,periodHorn,0,secondsTens,secondsUnits,0,,
MPBASKETBALL1,basketball,1,2,1,1,1,periodHorn,0,tenthsUnits,0,0,,
MPBASKETBALL1,basketball,1,3,1,1,1,periodHorn,0,timeOutTimer_secondsTens,timeOutTimer_secondsUnits,0,,
MPBASKETBALL1,basketball,1,4,1,1,1,periodHorn,0,timeOfDayClock_minutesTens,timeOfDayClock_minutesUnits,0,,
MPBASKETBALL1,basketball,2,1,1,1,2,,0,minutesTens,minutesUnits,HL,,
MPBASKETBALL1,basketball,2,2,1,1,2,,0,secondsTens,secondsUnits,0,,
MPBASKETBALL1,basketball,2,3,1,1,2,,0,timeOutTimer_minutesTens,timeOutTimer_minutesUnits,HL,,
MPBASKETBALL1,basketball,2,4,1,1,2,,0,timeOfDayClock_hoursTens,timeOfDayClock_hoursUnits,HL,,
MPBASKETBALL1,basketball,3,1,1,1,3,colonIndicator,0,,period,L,,
MPBASKETBALL1,basketball,4,1,1,1,4,active,0,,blank,0,,
,,,,,,,,,,,,,
MPBASKETBALL1,basketball,5,1,1,2,1,shotClockHorn,0,shotClock_secondsTens,shotClock_secondsUnits,0,,
MPBASKETBALL1,basketball,5,2,1,2,1,0,0,segmentCountTens,segmentCountUnits,HL,,
MPBASKETBALL1,basketball,5,3,1,2,1,0,0,blank,blank,0,,
MPBASKETBALL1,basketball,6,1,1,2,2,periodHorn,0,secondsTens,secondsUnits,0,,
MPBASKETBALL1,basketball,6,2,1,2,2,periodHorn,0,tenthsUnits,blank,0,,
MPBASKETBALL1,basketball,6,3,1,2,2,periodHorn,0,timeOutTimer_secondsTens,timeOutTimer_secondsUnits,0,,
MPBASKETBALL1,basketball,6,4,1,2,2,periodHorn,0,timeOfDayClock_minutesTens,timeOfDayClock_minutesUnits,0,,
MPBASKETBALL1,basketball,7,1,1,2,3,0,visualHornIndicator1,,minutesUnits,0,,
MPBASKETBALL1,basketball,7,2,1,2,3,0,visualHornIndicator1,,secondsUnits,0,,
MPBASKETBALL1,basketball,7,3,1,2,3,0,visualHornIndicator1,,timeOutTimer_minutesUnits,0,,
MPBASKETBALL1,basketball,7,4,1,2,3,0,visualHornIndicator1,,timeOfDayClock_hoursUnits,0,,
MPBASKETBALL1,basketball,8,1,1,2,4,active,visualHornIndicator2,,minutesTens,L,,
MPBASKETBALL1,basketball,8,2,1,2,4,active,visualHornIndicator2,,secondsTens,L,,
MPBASKETBALL1,basketball,8,3,1,2,4,active,visualHornIndicator2,,timeOutTimer_minutesTens,L,,
MPBASKETBALL1,basketball,8,4,1,2,4,active,visualHornIndicator2,,timeOfDayClock_hoursTens,L,,
,,,,,,,,,,,,,
MPBASKETBALL1,basketball,9,1,1,3,1,teamTwoScoreHundreds,0,teamTwoScoreTens,teamTwoScoreUnits,IbHL,,
MPBASKETBALL1,basketball,9,2,1,3,1,0,0,segmentCountTens,segmentCountUnits,HL,,
MPBASKETBALL1,basketball,10,1,1,3,2,teamOneScoreHundreds,0,teamOneScoreTens,teamOneScoreUnits,IbHL,,
MPBASKETBALL1,basketball,11,1,1,3,3,teamTwoBonus2,0,,0,0,abcde_PossBonus,
MPBASKETBALL1,basketball,12,1,1,3,4,active,0,,teamOneTimeOutsLeft,0,,
,,,,,,,,,,,,,
MPBASKETBALL1,basketball,13,1,1,4,1,teamTwoFoulsTens,0,teamOneFoulsUnits,teamTwoFoulsUnits,0,,
MPBASKETBALL1,basketball,14,1,1,4,2,teamOneFoulsTens,0,playerNumberTens,playerNumberUnits,0,,
MPBASKETBALL1,basketball,15,1,1,4,3,teamOneBonus2,0,,playerFoulsUnits,0,,
MPBASKETBALL1,basketball,16,1,1,4,4,active,0,,teamTwoTimeOutsLeft,0,,
,,,,,,,,,,,,,
MPBASKETBALL1,basketball,17,1,2,1,1,teamTwoFoulsTens,0,teamTwoFoulsTens,teamTwoFoulsUnits,HL,,
MPBASKETBALL1,basketball,18,1,2,1,2,teamOneFoulsTens,0,teamOneFoulsTens,teamOneFoulsUnits,HL,,
MPBASKETBALL1,basketball,19,1,2,1,3,0,0,,teamTwoTimeOutsLeft,0,,
MPBASKETBALL1,basketball,20,1,2,1,4,active,0,,teamOneTimeOutsLeft,0,,
,,,,,,,,,,,,,
MPBASKETBALL1,basketball,21,1,2,2,1,periodHorn,0,minutesTens,minutesUnits,HL,,
MPBASKETBALL1,basketball,21,2,2,2,1,periodHorn,0,secondsTens,secondsUnits,0,,
MPBASKETBALL1,basketball,21,3,2,2,1,periodHorn,0,timeOutTimer_minutesTens,timeOutTimer_minutesUnits,HL,,
MPBASKETBALL1,basketball,21,4,2,2,1,periodHorn,0,timeOfDayClock_hoursTens,timeOfDayClock_hoursUnits,HL,,
MPBASKETBALL1,basketball,22,1,2,2,2,visualHornIndicator1,0,secondsTens,secondsUnits,0,,
MPBASKETBALL1,basketball,22,2,2,2,2,visualHornIndicator1,0,tenthsUnits,blank,0,,
MPBASKETBALL1,basketball,22,3,2,2,2,visualHornIndicator1,0,timeOutTimer_secondsTens,timeOutTimer_secondsUnits,0,,
MPBASKETBALL1,basketball,22,4,2,2,2,visualHornIndicator1,0,timeOfDayClock_minutesTens,timeOfDayClock_minutesUnits,0,,
MPBASKETBALL1,basketball,23,1,2,2,3,0,0,,period,L,,
MPBASKETBALL1,basketball,24,1,2,2,4,active,colonIndicator,,0,0,gDec,
,,,,,,,,,,,,,
MPBASKETBALL1,basketball,25,1,2,3,1,teamTwoScoreHundreds,0,teamTwoScoreTens,teamTwoScoreUnits,IbHL,,
MPBASKETBALL1,basketball,25,2,2,3,1,,0,segmentCountTens,segmentCountUnits,HL,,
MPBASKETBALL1,basketball,26,1,2,3,2,teamOneScoreHundreds,0,teamOneScoreTens,teamOneScoreUnits,IbHL,,
MPBASKETBALL1,basketball,27,1,2,3,3,0,0,,0,0,home_ace_PossBonus,
MPBASKETBALL1,basketball,28,1,2,3,4,active,0,,0,0,guest_ace_PossBonus,
,,,,,,,,,,,,,
MPBASKETBALL1,basketball,29,1,2,4,1,0,0,blank,blank,0,0,
MPBASKETBALL1,basketball,30,1,2,4,2,0,0,blank,blank,0,0,
MPBASKETBALL1,basketball,31,1,2,4,3,0,0,,blank,0,0,
MPBASKETBALL1,basketball,32,1,2,4,4,active,0,,blank,0,0,
,,,,,,,,,,,,,
MPMULTISPORT1-baseball,baseball,1,1,1,1,1,errorIndicator,0,teamTwoScoreTens,teamTwoScoreUnits,HL,,
MPMULTISPORT1-baseball,baseball,2,1,1,1,2,0,0,teamOneScoreTens,teamOneScoreUnits,HL,,
MPMULTISPORT1-baseball,baseball,3,1,1,1,3,0,hitIndicator,,0,0,BSO,
MPMULTISPORT1-baseball,baseball,4,1,1,1,4,active,inningTens,,inningUnits,HbLH,,
,,,,,,,,,,,,,
MPMULTISPORT1-baseball,baseball,5,1,1,2,1,delayOfGameHorn,0,delayOfGameClock_secondsTens,delayOfGameClock_secondsUnits,HL,,
MPMULTISPORT1-baseball,baseball,5,2,1,2,1,0,0,segmentCountTens,segmentCountUnits,HL,,
MPMULTISPORT1-baseball,baseball,6,1,1,2,2,periodHorn,0,secondsTens,secondsUnits,0,,
MPMULTISPORT1-baseball,baseball,6,2,1,2,2,periodHorn,0,tenthsUnits,blank,0,,
MPMULTISPORT1-baseball,baseball,6,4,1,2,2,periodHorn,0,timeOfDayClock_minutesTens,timeOfDayClock_minutesUnits,0,,
MPMULTISPORT1-baseball,baseball,7,1,1,2,3,0,visualHornIndicator1,,minutesUnits,0,,
MPMULTISPORT1-baseball,baseball,7,2,1,2,3,0,visualHornIndicator1,,secondsUnits,0,,
MPMULTISPORT1-baseball,baseball,7,4,1,2,3,0,visualHornIndicator1,,timeOfDayClock_hoursUnits,0,,
MPMULTISPORT1-baseball,baseball,8,1,1,2,4,active,0,,minutesTens,L,,
MPMULTISPORT1-baseball,baseball,8,2,1,2,4,active,0,,secondsTens,L,,
MPMULTISPORT1-baseball,baseball,8,3,1,2,4,active,0,,secondsTens,0,,
MPMULTISPORT1-baseball,baseball,8,4,1,2,4,active,0,,timeOfDayClock_hoursTens,L,,
MPMULTISPORT1-baseball,baseball,8,5,1,2,4,active,0,,minutesTens,0,,

,,,,,,,,,,,,,
MPMULTISPORT1-baseball,baseball,9,1,1,3,1,0,0,teamTwoScoreTens,teamTwoScoreUnits,HL,,
MPMULTISPORT1-baseball,baseball,9,2,1,3,1,0,0,segmentCountTens,segmentCountUnits,HL,,
MPMULTISPORT1-baseball,baseball,10,1,1,3,2,0,0,teamOneScoreTens,teamOneScoreUnits,HL,,
MPMULTISPORT1-baseball,baseball,11,1,1,3,3,0,inningTens,,inningUnits,HbLH,,
MPMULTISPORT1-baseball,baseball,12,1,1,3,4,active,0,,0,0,bc_strike,
,,,,,,,,,,,,,
MPMULTISPORT1-baseball,baseball,13,1,1,4,1,hitIndicator,0,strikes,balls,IsolateHL,,
MPMULTISPORT1-baseball,baseball,14,1,1,4,2,errorIndicator,0,outs,outs,IsolateHL,,
MPMULTISPORT1-baseball,baseball,15,1,1,4,3,0,teamOneAtBatIndicator,,balls,L,,
MPMULTISPORT1-baseball,baseball,16,1,1,4,4,active,teamTwoAtBatIndicator,,0,0,BSO,
,,,,,,,,,,,,,
MPMULTISPORT1-baseball,baseball,17,1,2,1,1,teamTwoPitchCountHundreds,0,teamTwoPitchCountTens,teamTwoPitchCountUnits,IbHL,,
MPMULTISPORT1-baseball,baseball,18,1,2,1,2,teamOnePitchCountHundreds,0,teamOnePitchCountTens,teamOnePitchCountUnits,IbHL,,
MPMULTISPORT1-baseball,baseball,19,1,2,1,3,0,singlePitchCountHundreds,,singlePitchCountTens,HbLH,,
MPMULTISPORT1-baseball,baseball,20,1,2,1,4,active,0,,singlePitchCountUnits,0,,
,,,,,,,,,,,,,
MPMULTISPORT1-baseball,baseball,21,1,2,2,1,periodHorn,0,minutesTens,minutesUnits,HL,,
MPMULTISPORT1-baseball,baseball,21,2,2,2,1,periodHorn,0,secondsTens,secondsUnits,HL,,
MPMULTISPORT1-baseball,baseball,21,4,2,2,1,periodHorn,0,timeOfDayClock_hoursTens,timeOfDayClock_hoursUnits,HL,,
MPMULTISPORT1-baseball,baseball,22,1,2,2,2,visualHornIndicator1,0,secondsTens,secondsUnits,0,,
MPMULTISPORT1-baseball,baseball,22,2,2,2,2,visualHornIndicator1,0,tenthsUnits,blank,AlwaysLow,,
MPMULTISPORT1-baseball,baseball,22,4,2,2,2,visualHornIndicator1,0,timeOfDayClock_minutesTens,timeOfDayClock_minutesUnits,0,,
MPMULTISPORT1-baseball,baseball,23,1,2,2,3,0,0,,inningUnits,0,,
MPMULTISPORT1-baseball,baseball,24,1,2,2,4,active,colonIndicator,,,0,abcBall_deOut_gDec,
,,,,,,,,,,,,,
MPMULTISPORT1-baseball,baseball,25,1,2,3,1,outs1,0,teamTwoScoreTens,teamTwoScoreUnits,HL,,
MPMULTISPORT1-baseball,baseball,25,2,2,3,1,outs1,0,segmentCountTens,segmentCountUnits,HL,,
MPMULTISPORT1-baseball,baseball,26,1,2,3,2,outs2,0,teamOneScoreTens,teamOneScoreUnits,HL,,
MPMULTISPORT1-baseball,baseball,27,1,2,3,3,0,inningTens,,inningTens,L,,
MPMULTISPORT1-baseball,baseball,28,1,2,3,4,active,0,,0,0,abcBall_efStrike,
,,,,,,,,,,,,,
MPMULTISPORT1-baseball,baseball,29,1,2,4,1,0,0,batterNumberTens,batterNumberUnits,HL,,
MPMULTISPORT1-baseball,baseball,30,1,2,4,2,pitchSpeedHundreds,0,pitchSpeedTens,pitchSpeedUnits,IbHL,,
MPMULTISPORT1-baseball,baseball,31,1,2,4,3,0,0,,hoursUnits,L,,
MPMULTISPORT1-baseball,baseball,31,2,2,4,3,0,0,,hoursUnits,0,,
MPMULTISPORT1-baseball,baseball,32,1,2,4,4,active,0,,errorPosition,0,,
,,,,,,,,,,,,,
MPMULTISPORT1-football,football,1,1,1,1,1,0,0,teamTwoScoreTens,teamTwoScoreUnits,HL,,
MPMULTISPORT1-football,football,2,1,1,1,2,0,0,teamOneScoreTens,teamOneScoreUnits,HL,,
MPMULTISPORT1-football,football,3,1,1,1,3,0,0,,blank,0,,
MPMULTISPORT1-football,football,4,1,1,1,4,active,0,,quarter,L,,
,,,,,,,,,,,,,
MPMULTISPORT1-football,football,5,1,1,2,1,delayOfGameHorn,0,delayOfGameClock_secondsTens,delayOfGameClock_secondsUnits,HL,,
MPMULTISPORT1-football,football,5,2,1,2,1,0,0,segmentCountTens,segmentCountUnits,HL,,
MPMULTISPORT1-football,football,6,1,1,2,2,periodHorn,0,secondsTens,secondsUnits,0,,
MPMULTISPORT1-football,football,6,2,1,2,2,periodHorn,0,tenthsUnits,blank,AlwaysLow,,
MPMULTISPORT1-football,football,6,3,1,2,2,periodHorn,0,timeOutTimer_secondsTens,timeOutTimer_secondsUnits,0,,
MPMULTISPORT1-football,football,6,4,1,2,2,periodHorn,0,timeOfDayClock_minutesTens,timeOfDayClock_minutesUnits,0,,
MPMULTISPORT1-football,football,7,1,1,2,3,0,visualHornIndicator1,,minutesUnits,0,,
MPMULTISPORT1-football,football,7,2,1,2,3,0,visualHornIndicator1,,secondsUnits,0,,
MPMULTISPORT1-football,football,7,3,1,2,3,0,visualHornIndicator1,,timeOutTimer_minutesUnits,0,,
MPMULTISPORT1-football,football,7,4,1,2,3,0,visualHornIndicator1,,timeOfDayClock_hoursUnits,0,,
MPMULTISPORT1-football,football,8,1,1,2,4,active,0,,minutesTens,L,,
MPMULTISPORT1-football,football,8,2,1,2,4,active,0,,secondsTens,0,,
MPMULTISPORT1-football,football,8,3,1,2,4,active,0,,timeOutTimer_minutesTens,L,,
MPMULTISPORT1-football,football,8,4,1,2,4,active,0,,timeOfDayClock_hoursTens,L,,
,,,,,,,,,,,,,
MPMULTISPORT1-football,football,9,1,1,3,1,teamTwoPossession,0,teamTwoScoreTens,teamTwoScoreUnits,HL,,
MPMULTISPORT1-football,football,9,2,1,3,1,teamTwoPossession,0,segmentCountTens,segmentCountUnits,HL,,
MPMULTISPORT1-football,football,10,1,1,3,2,teamOnePossession,0,teamOneScoreTens,teamOneScoreUnits,HL,,
MPMULTISPORT1-football,football,11,1,1,3,3,0,0,,quarter,L,,
MPMULTISPORT1-football,football,12,1,1,3,4,active,0,,0,0,Down_Quarter,
,,,,,,,,,,,,,
MPMULTISPORT1-football,football,13,1,1,4,1,0,0,blank,blank,0,,
MPMULTISPORT1-football,football,14,1,1,4,2,0,0,blank,blank,0,,
MPMULTISPORT1-football,football,15,1,1,4,3,0,teamOnePossession,,down,L,,
MPMULTISPORT1-football,football,16,1,1,4,4,active,teamTwoPossession,,blank,0,,
,,,,,,,,,,,,,
MPMULTISPORT1-football,football,17,1,2,1,1,0,0,teamOneTimeOutsLeft,teamTwoTimeOutsLeft,0,,
MPMULTISPORT1-football,football,18,1,2,1,2,0,0,blank,blank,0,,
MPMULTISPORT1-football,football,19,1,2,1,3,0,0,,teamTwoTimeOutsLeft,0,,
MPMULTISPORT1-football,football,20,1,2,1,4,active,0,,teamOneTimeOutsLeft,0,,
,,,,,,,,,,,,,
MPMULTISPORT1-football,football,21,1,2,2,1,periodHorn,0,minutesTens,minutesUnits,HL,,
MPMULTISPORT1-football,football,21,2,2,2,1,periodHorn,0,secondsTens,secondsUnits,HL,,
MPMULTISPORT1-football,football,21,3,2,2,1,periodHorn,0,timeOutTimer_minutesTens,timeOutTimer_minutesUnits,HL,,
MPMULTISPORT1-football,football,21,4,2,2,1,periodHorn,0,timeOfDayClock_hoursTens,timeOfDayClock_hoursUnits,HL,,
MPMULTISPORT1-football,football,22,1,2,2,2,visualHornIndicator1,0,secondsTens,secondsUnits,0,,
MPMULTISPORT1-football,football,22,2,2,2,2,visualHornIndicator1,0,tenthsUnits,blank,AlwaysLow,,
MPMULTISPORT1-football,football,22,3,2,2,2,visualHornIndicator1,0,timeOutTimer_secondsTens,timeOutTimer_secondsUnits,0,,
MPMULTISPORT1-football,football,22,4,2,2,2,visualHornIndicator1,0,timeOfDayClock_minutesTens,timeOfDayClock_minutesUnits,0,,
MPMULTISPORT1-football,football,23,1,2,2,3,0,0,,yardsToGoUnits,0,,
MPMULTISPORT1-football,football,24,1,2,2,4,active,colonIndicator,,0,0,aGeHposs_fQrt4_gDec,
,,,,,,,,,,,,,
MPMULTISPORT1-football,football,25,1,2,3,1,0,0,teamTwoScoreTens,teamTwoScoreUnits,HL,,
MPMULTISPORT1-football,football,25,2,2,3,1,0,0,segmentCountTens,segmentCountUnits,HL,,
MPMULTISPORT1-football,football,26,1,2,3,2,0,0,teamOneScoreTens,teamOneScoreUnits,HL,,
MPMULTISPORT1-football,football,27,1,2,3,3,0,0,,yardsToGoTens,L,,
MPMULTISPORT1-football,football,28,1,2,3,4,active,0,,0,0,Down_Quarter,
,,,,,,,,,,,,,
MPMULTISPORT1-football,football,29,1,2,4,1,0,0,yardsToGoTens,yardsToGoUnits,HL,,
MPMULTISPORT1-football,football,30,1,2,4,2,0,0,ballOnTens,ballOnUnits,HL,,
MPMULTISPORT1-football,football,31,1,2,4,3,0,0,,down,L,,
MPMULTISPORT1-football,football,32,1,2,4,4,active,0,,quarter,L,,
,,,,,,,,,,,,,
MPLX3450-baseball,baseball,1,1,1,1,1,periodHorn,0,minutesTens,minutesUnits,HL,,
MPLX3450-baseball,baseball,1,2,1,1,1,periodHorn,0,secondsTens,secondsUnits,HL,,
MPLX3450-baseball,baseball,2,1,1,1,2,visualHornIndicator1,0,inningTens,inningUnits,HL,,
MPLX3450-baseball,baseball,3,1,1,1,3,0,hitIndicator,,0,0,BSO,
MPLX3450-baseball,baseball,4,1,1,1,4,active,colonIndicator,,inningUnits,L,,
,,,,,,,,,,,,,
MPLX3450-baseball,baseball,5,1,1,2,1,delayOfGameHorn,0,delayOfGameClock_secondsTens,delayOfGameClock_secondsUnits,HL,,
MPLX3450-baseball,baseball,5,2,1,2,1,0,0,segmentCountTens,segmentCountUnits,HL,,
MPLX3450-baseball,baseball,6,1,1,2,2,periodHorn,0,secondsTens,secondsUnits,0,,
MPLX3450-baseball,baseball,6,2,1,2,2,periodHorn,0,tenthsUnits,blank,0,,
MPLX3450-baseball,baseball,6,4,1,2,2,periodHorn,0,timeOfDayClock_minutesTens,timeOfDayClock_minutesUnits,0,,
MPLX3450-baseball,baseball,7,1,1,2,3,0,visualHornIndicator1,,minutesUnits,0,,
MPLX3450-baseball,baseball,7,2,1,2,3,0,visualHornIndicator1,,secondsUnits,0,,
MPLX3450-baseball,baseball,7,4,1,2,3,0,visualHornIndicator1,,timeOfDayClock_hoursUnits,0,,
MPLX3450-baseball,baseball,8,1,1,2,4,active,0,,minutesTens,L,,
MPLX3450-baseball,baseball,8,2,1,2,4,active,0,,secondsTens,L,,
MPLX3450-baseball,baseball,8,3,1,2,4,active,0,,secondsTens,0,,
MPLX3450-baseball,baseball,8,4,1,2,4,active,0,,timeOfDayClock_hoursTens,L,,
MPLX3450-baseball,baseball,8,5,1,2,4,active,0,,minutesTens,0,,
,,,,,,,,,,,,,
MPLX3450-baseball,baseball,9,1,1,3,1,0,0,teamTwoScoreTens,teamTwoScoreUnits,HL,,
MPLX3450-baseball,baseball,9,2,1,3,1,0,0,segmentCountTens,segmentCountUnits,HL,,
MPLX3450-baseball,baseball,10,1,1,3,2,0,0,teamOneScoreTens,teamOneScoreUnits,HL,,
MPLX3450-baseball,baseball,11,1,1,3,3,0,inningTens,,inningUnits,HbLH,,
MPLX3450-baseball,baseball,12,1,1,3,4,active,0,,0,0,bc_strike,
,,,,,,,,,,,,,
MPLX3450-baseball,baseball,13,1,1,4,1,hitIndicator,0,strikes,balls,IsolateHL,,
MPLX3450-baseball,baseball,14,1,1,4,2,errorIndicator,0,outs,outs,IsolateHL,,
MPLX3450-baseball,baseball,15,1,1,4,3,0,teamOneAtBatIndicator,,balls,L,,
MPLX3450-baseball,baseball,16,1,1,4,4,active,teamTwoAtBatIndicator,,blank,0,0,
,,,,,,,,,,,,,
MPLX3450-baseball,baseball,17,1,2,1,1,teamTwoPitchCountHundreds,0,teamTwoPitchCountTens,teamTwoPitchCountUnits,IbHL,,
MPLX3450-baseball,baseball,18,1,2,1,2,teamOnePitchCountHundreds,0,teamOnePitchCountTens,teamOnePitchCountUnits,IbHL,,
MPLX3450-baseball,baseball,19,1,2,1,3,0,singlePitchCountHundreds,,singlePitchCountTens,HbLH,,
MPLX3450-baseball,baseball,20,1,2,1,4,active,0,,singlePitchCountUnits,0,,
,,,,,,,,,,,,,
MPLX3450-baseball,baseball,21,1,2,2,1,periodHorn,0,minutesTens,minutesUnits,HL,,
MPLX3450-baseball,baseball,21,2,2,2,1,periodHorn,0,secondsTens,secondsUnits,HL,,
MPLX3450-baseball,baseball,21,4,2,2,1,periodHorn,0,timeOfDayClock_hoursTens,timeOfDayClock_hoursUnits,HL,,
MPLX3450-baseball,baseball,22,1,2,2,2,visualHornIndicator1,0,secondsTens,secondsUnits,0,,
MPLX3450-baseball,baseball,22,2,2,2,2,visualHornIndicator1,0,tenthsUnits,blank,AlwaysLow,,
MPLX3450-baseball,baseball,22,4,2,2,2,visualHornIndicator1,0,timeOfDayClock_minutesTens,timeOfDayClock_minutesUnits,0,,
MPLX3450-baseball,baseball,23,1,2,2,3,0,0,,inningUnits,L,,
MPLX3450-baseball,baseball,24,1,2,2,4,active,colonIndicator,,,0,abcBall_deOut_gDec,
,,,,,,,,,,,,,
MPLX3450-baseball,baseball,25,1,2,3,1,outs1,0,teamTwoScoreTens,teamTwoScoreUnits,HL,,
MPLX3450-baseball,baseball,25,2,2,3,1,outs1,0,segmentCountTens,segmentCountUnits,HL,,
MPLX3450-baseball,baseball,26,1,2,3,2,outs2,0,teamOneScoreTens,teamOneScoreUnits,HL,,
MPLX3450-baseball,baseball,27,1,2,3,3,0,inningTens,,inningTens,L,,
MPLX3450-baseball,baseball,28,1,2,3,4,active,0,,0,0,abcBall_efStrike,
,,,,,,,,,,,,,
MPLX3450-baseball,baseball,29,1,2,4,1,0,0,batterNumberTens,batterNumberUnits,HL,,
MPLX3450-baseball,baseball,30,1,2,4,2,pitchSpeedHundreds,0,pitchSpeedTens,pitchSpeedUnits,IbHL,,
MPLX3450-baseball,baseball,31,1,2,4,3,0,0,,hoursUnits,L,,
MPLX3450-baseball,baseball,31,2,2,4,3,0,0,,hoursUnits,0,,
MPLX3450-baseball,baseball,32,1,2,4,4,active,0,,errorPosition,0,,
,,,,,,,,,,,,,
MPLX3450-football,football,1,1,1,1,1,periodHorn,0,secondsTens,secondsUnits,0,,
MPLX3450-football,football,1,2,1,1,1,periodHorn,0,tenthsUnits,blank,AlwaysLow,,
MPLX3450-football,football,1,3,1,1,1,periodHorn,0,timeOutTimer_secondsTens,timeOutTimer_secondsUnits,0,,
MPLX3450-football,football,1,4,1,1,1,periodHorn,0,timeOfDayClock_minutesTens,timeOfDayClock_minutesUnits,0,,
MPLX3450-football,football,2,1,1,1,2,visualHornIndicator1,0,minutesTens,minutesUnits,HL,,
MPLX3450-football,football,2,2,1,1,2,visualHornIndicator1,0,secondsTens,secondsUnits,HL,,
MPLX3450-football,football,2,3,1,1,2,visualHornIndicator1,0,timeOutTimer_minutesTens,timeOutTimer_minutesUnits,HL,,
MPLX3450-football,football,2,4,1,1,2,visualHornIndicator1,0,timeOfDayClock_hoursTens,timeOfDayClock_hoursUnits,HL,,
MPLX3450-football,football,3,1,1,1,3,0,0,,blank,0,,
MPLX3450-football,football,4,1,1,1,4,active,colonIndicator,,0,0,gDec,
,,,,,,,,,,,,,
MPLX3450-football,football,5,1,1,2,1,delayOfGameHorn,0,delayOfGameClock_secondsTens,delayOfGameClock_secondsUnits,HL,,
MPLX3450-football,football,5,2,1,2,1,0,0,segmentCountTens,segmentCountUnits,HL,,
MPLX3450-football,football,6,1,1,2,2,periodHorn,0,secondsTens,secondsUnits,0,,
MPLX3450-football,football,6,2,1,2,2,periodHorn,0,tenthsUnits,blank,AlwaysLow,,
MPLX3450-football,football,6,3,1,2,2,periodHorn,0,timeOutTimer_secondsTens,timeOutTimer_secondsUnits,0,,
MPLX3450-football,football,6,4,1,2,2,periodHorn,0,timeOfDayClock_minutesTens,timeOfDayClock_minutesUnits,0,,
MPLX3450-football,football,7,1,1,2,3,0,visualHornIndicator1,,minutesUnits,0,,
MPLX3450-football,football,7,2,1,2,3,0,visualHornIndicator1,,secondsUnits,0,,
MPLX3450-football,football,7,3,1,2,3,0,visualHornIndicator1,,timeOutTimer_minutesUnits,0,,
MPLX3450-football,football,7,4,1,2,3,0,visualHornIndicator1,,timeOfDayClock_hoursUnits,0,,
MPLX3450-football,football,8,1,1,2,4,active,0,,minutesTens,L,,
MPLX3450-football,football,8,2,1,2,4,active,0,,secondsTens,L,,
MPLX3450-football,football,8,3,1,2,4,active,0,,timeOutTimer_minutesTens,L,,
MPLX3450-football,football,8,4,1,2,4,active,0,,timeOfDayClock_hoursTens,L,,
,,,,,,,,,,,,,
MPLX3450-football,football,9,1,1,3,1,teamTwoPossession,0,teamTwoScoreTens,teamTwoScoreUnits,HL,,
MPLX3450-football,football,9,2,1,3,1,teamTwoPossession,0,segmentCountTens,segmentCountUnits,HL,,
MPLX3450-football,football,10,1,1,3,2,teamOnePossession,0,teamOneScoreTens,teamOneScoreUnits,HL,,
MPLX3450-football,football,11,1,1,3,3,0,0,,quarter,L,,
MPLX3450-football,football,12,1,1,3,4,active,0,,0,0,Down_Quarter,
,,,,,,,,,,,,,
MPLX3450-football,football,13,1,1,4,1,0,0,yardsToGoUnits,blank,0,,
MPLX3450-football,football,14,1,1,4,2,0,0,quarter,0,H,,
MPLX3450-football,football,15,1,1,4,3,0,teamOnePossession,,down,L,,
MPLX3450-football,football,16,1,1,4,4,active,teamTwoPossession,,yardsToGoTens,L,,
,,,,,,,,,,,,,
MPLX3450-football,football,17,1,2,1,1,0,0,teamOneTimeOutsLeft,teamTwoTimeOutsLeft,0,,
MPLX3450-football,football,18,1,2,1,2,0,0,blank,blank,0,,
MPLX3450-football,football,19,1,2,1,3,0,0,,teamTwoTimeOutsLeft,0,,
MPLX3450-football,football,20,1,2,1,4,active,0,,teamOneTimeOutsLeft,0,,
,,,,,,,,,,,,,
MPLX3450-football,football,21,1,2,2,1,periodHorn,0,minutesTens,minutesUnits,HL,,
MPLX3450-football,football,21,2,2,2,1,periodHorn,0,secondsTens,secondsUnits,HL,,
MPLX3450-football,football,21,3,2,2,1,periodHorn,0,timeOutTimer_minutesTens,timeOutTimer_minutesUnits,HL,,
MPLX3450-football,football,21,4,2,2,1,periodHorn,0,timeOfDayClock_hoursTens,timeOfDayClock_hoursUnits,HL,,
MPLX3450-football,football,22,1,2,2,2,visualHornIndicator1,0,secondsTens,secondsUnits,0,,
MPLX3450-football,football,22,2,2,2,2,visualHornIndicator1,0,tenthsUnits,blank,AlwaysLow,,
MPLX3450-football,football,22,3,2,2,2,visualHornIndicator1,0,timeOutTimer_secondsTens,timeOutTimer_secondsUnits,0,,
MPLX3450-football,football,22,4,2,2,2,visualHornIndicator1,0,timeOfDayClock_minutesTens,timeOfDayClock_minutesUnits,0,,
MPLX3450-football,football,23,1,2,2,3,0,0,,yardsToGoUnits,0,,
MPLX3450-football,football,24,1,2,2,4,active,colonIndicator,,0,0,aGeHposs_fQrt4_gDec,
,,,,,,,,,,,0,,
MPLX3450-football,football,25,1,2,3,1,0,0,teamTwoScoreTens,teamTwoScoreUnits,HL,,
MPLX3450-football,football,25,2,2,3,1,0,0,segmentCountTens,segmentCountUnits,HL,,
MPLX3450-football,football,26,1,2,3,2,0,0,teamOneScoreTens,teamOneScoreUnits,HL,,
MPLX3450-football,football,27,1,2,3,3,0,0,,yardsToGoTens,L,,
MPLX3450-football,football,28,1,2,3,4,active,0,,0,0,Down_Quarter,
,,,,,,,,,,,,,
MPLX3450-football,football,29,1,2,4,1,0,0,yardsToGoTens,yardsToGoUnits,HL,,
MPLX3450-football,football,30,1,2,4,2,0,0,ballOnTens,ballOnUnits,HL,,
MPLX3450-football,football,31,1,2,4,3,0,0,,down,L,,
MPLX3450-football,football,32,1,2,4,4,active,0,,quarter,L,,
,,,,,,,,,,,,,
MPHOCKEY_LX1,hockey,1,1,1,1,1,,0,penalty1_teamOnePlayerTens,penalty1_teamOnePlayerUnits,0,,
MPHOCKEY_LX1,hockey,2,1,1,1,2,penalty1_teamOneColonIndicator,0,penalty1_teamOneSecondsTens,penalty1_teamOneSecondsUnits,0,,
MPHOCKEY_LX1,hockey,3,1,1,1,3,,0,,penalty1_teamOneMinutesUnits,L,,
MPHOCKEY_LX1,hockey,4,1,1,1,4,active,0,,penalty2_teamTwoSecondsTens,0,,
,,,,,,,,,,,,,
MPHOCKEY_LX1,hockey,5,1,1,2,1,shotClockHorn,0,shotClock_secondsTens,shotClock_secondsUnits,HL,,
MPHOCKEY_LX1,hockey,5,2,1,2,1,0,0,segmentCountTens,segmentCountUnits,HL,,
MPHOCKEY_LX1,hockey,5,3,1,2,1,0,0,blank,blank,0,,
MPHOCKEY_LX1,hockey,6,1,1,2,2,periodHorn,0,secondsTens,secondsUnits,0,,
MPHOCKEY_LX1,hockey,6,2,1,2,2,periodHorn,0,tenthsUnits,blank,0,,
MPHOCKEY_LX1,hockey,6,3,1,2,2,periodHorn,0,timeOutTimer_secondsTens,timeOutTimer_secondsUnits,0,,
MPHOCKEY_LX1,hockey,6,4,1,2,2,periodHorn,0,timeOfDayClock_minutesTens,timeOfDayClock_minutesUnits,0,,
MPHOCKEY_LX1,hockey,7,1,1,2,3,0,visualHornIndicator1,,minutesUnits,0,,
MPHOCKEY_LX1,hockey,7,2,1,2,3,0,visualHornIndicator1,,secondsUnits,0,,
MPHOCKEY_LX1,hockey,7,3,1,2,3,0,visualHornIndicator1,,timeOutTimer_minutesUnits,0,,
MPHOCKEY_LX1,hockey,7,4,1,2,3,0,visualHornIndicator1,,timeOfDayClock_hoursUnits,0,,
MPHOCKEY_LX1,hockey,8,1,1,2,4,active,visualHornIndicator2,,minutesTens,L,,
MPHOCKEY_LX1,hockey,8,2,1,2,4,active,visualHornIndicator2,,secondsTens,L,,
MPHOCKEY_LX1,hockey,8,3,1,2,4,active,visualHornIndicator2,,timeOutTimer_minutesTens,L,,
MPHOCKEY_LX1,hockey,8,4,1,2,4,active,visualHornIndicator2,,timeOfDayClock_hoursTens,L,,
,,,,,,,,,,,,,
MPHOCKEY_LX1,hockey,9,1,1,3,1,penalty2_teamTwoColonIndicator,0,penalty1_teamTwoPlayerTens,penalty1_teamTwoPlayerUnits,0,,
MPHOCKEY_LX1,hockey,10,1,1,3,2,penalty1_teamTwoColonIndicator,0,penalty1_teamTwoSecondsTens,penalty1_teamTwoSecondsUnits,0,,
MPHOCKEY_LX1,hockey,11,1,1,3,3,,0,,penalty1_teamTwoMinutesUnits,L,,
MPHOCKEY_LX1,hockey,12,1,1,3,4,active,0,,penalty2_teamTwoSecondsUnits,0,,
,,,,,,,,,,,,,
MPHOCKEY_LX1,hockey,13,1,1,4,1,,0,penalty2_teamOnePlayerTens,penalty2_teamOnePlayerUnits,0,,
MPHOCKEY_LX1,hockey,14,1,1,4,2,penalty2_teamOneColonIndicator,0,penalty2_teamOneSecondsTens,penalty2_teamOneSecondsUnits,0,,
MPHOCKEY_LX1,hockey,15,1,1,4,3,,0,,penalty2_teamOneMinutesUnits,L,,
MPHOCKEY_LX1,hockey,16,1,1,4,4,active,0,,penalty2_teamTwoMinutesUnits,L,,
,,,,,,,,,,,,,
MPHOCKEY_LX1,hockey,17,1,2,1,1,teamTwoGoalIndicator,0,teamTwoShotsTens,teamTwoShotsUnits,HL,,
MPHOCKEY_LX1,hockey,18,1,2,1,2,teamOneGoalIndicator,0,teamOneShotsTens,teamOneShotsUnits,HL,,
MPHOCKEY_LX1,hockey,19,1,2,1,3,0,teamTwoPenaltyIndicator,,teamTwoPenaltyCount,0,,
MPHOCKEY_LX1,hockey,20,1,2,1,4,active,teamOnePenaltyIndicator,,teamOnePenaltyCount,0,,
,,,,,,,,,,,,,
MPHOCKEY_LX1,hockey,21,1,2,2,1,periodHorn,0,minutesTens,minutesUnits,0,,
MPHOCKEY_LX1,hockey,21,2,2,2,1,periodHorn,0,secondsTens,secondsUnits,0,,
MPHOCKEY_LX1,hockey,21,3,2,2,1,periodHorn,0,timeOutTimer_minutesTens,timeOutTimer_minutesUnits,HL,,
MPHOCKEY_LX1,hockey,21,4,2,2,1,periodHorn,0,timeOfDayClock_hoursTens,timeOfDayClock_hoursUnits,HL,,
MPHOCKEY_LX1,hockey,22,1,2,2,2,visualHornIndicator1,0,secondsTens,secondsUnits,0,,
MPHOCKEY_LX1,hockey,22,2,2,2,2,visualHornIndicator1,0,tenthsUnits,blank,0,,
MPHOCKEY_LX1,hockey,22,3,2,2,2,visualHornIndicator1,0,timeOutTimer_secondsTens,timeOutTimer_secondsUnits,0,,
MPHOCKEY_LX1,hockey,22,4,2,2,2,visualHornIndicator1,0,timeOfDayClock_minutesTens,timeOfDayClock_minutesUnits,0,,
MPHOCKEY_LX1,hockey,23,1,2,2,3,0,0,,period,L,,
MPHOCKEY_LX1,hockey,24,1,2,2,4,active,colonIndicator,,0,0,gDec,
,,,,,,,,,,,,,
MPHOCKEY_LX1,hockey,25,1,2,3,1,teamTwoScoreHundreds,0,teamTwoScoreTens,teamTwoScoreUnits,0,,
MPHOCKEY_LX1,hockey,25,2,2,3,1,,0,segmentCountTens,segmentCountUnits,HL,,
MPHOCKEY_LX1,hockey,26,1,2,3,2,teamOneScoreHundreds,0,teamOneScoreTens,teamOneScoreUnits,0,,
MPHOCKEY_LX1,hockey,27,1,2,3,3,0,teamTwoGoalIndicator,,penalty2_teamTwoPlayerTens,0,,
MPHOCKEY_LX1,hockey,28,1,2,3,4,active,teamOneGoalIndicator,,penalty2_teamTwoPlayerUnits,0,,
,,,,,,,,,,,,,
MPHOCKEY_LX1,hockey,29,1,2,4,1,teamTwoGoalIndicator,0,teamTwoShotsTens,teamTwoShotsUnits,HL,,
MPHOCKEY_LX1,hockey,30,1,2,4,2,teamOneGoalIndicator,0,teamOneShotsTens,teamOneShotsUnits,HL,,
MPHOCKEY_LX1,hockey,31,1,2,4,3,0,teamTwoPenaltyIndicator,,blank,0,,
MPHOCKEY_LX1,hockey,32,1,2,4,4,active,teamOnePenaltyIndicator,,period,L,,
,,,,,,,,,,,,,
MPSOCCER_LX1-soccer,soccer,1,1,1,1,1,0,0,blank,blank,0,,
MPSOCCER_LX1-soccer,soccer,2,1,1,1,2,0,0,blank,blank,0,,
MPSOCCER_LX1-soccer,soccer,3,1,1,1,3,0,0,,blank,0,,
MPSOCCER_LX1-soccer,soccer,4,1,1,1,4,active,0,,blank,0,,
,,,,,,,,,,,,,
MPSOCCER_LX1-soccer,soccer,5,1,1,2,1,delayOfGameHorn,0,delayOfGameClock_secondsTens,delayOfGameClock_secondsUnits,HL,,
MPSOCCER_LX1-soccer,soccer,5,2,1,2,1,0,0,segmentCountTens,segmentCountUnits,HL,,
MPSOCCER_LX1-soccer,soccer,6,1,1,2,2,periodHorn,0,secondsTens,secondsUnits,0,,
MPSOCCER_LX1-soccer,soccer,6,2,1,2,2,periodHorn,0,tenthsUnits,blank,AlwaysLow,,
MPSOCCER_LX1-soccer,soccer,6,3,1,2,2,periodHorn,0,timeOutTimer_secondsTens,timeOutTimer_secondsUnits,0,,
MPSOCCER_LX1-soccer,soccer,6,4,1,2,2,periodHorn,0,timeOfDayClock_minutesTens,timeOfDayClock_minutesUnits,0,,
MPSOCCER_LX1-soccer,soccer,7,1,1,2,3,0,visualHornIndicator1,,minutesUnits,0,,
MPSOCCER_LX1-soccer,soccer,7,2,1,2,3,0,visualHornIndicator1,,secondsUnits,0,,
MPSOCCER_LX1-soccer,soccer,7,3,1,2,3,0,visualHornIndicator1,,timeOutTimer_minutesUnits,0,,
MPSOCCER_LX1-soccer,soccer,7,4,1,2,3,0,visualHornIndicator1,,timeOfDayClock_hoursUnits,0,,
MPSOCCER_LX1-soccer,soccer,8,1,1,2,4,active,0,,minutesTens,L,,
MPSOCCER_LX1-soccer,soccer,8,2,1,2,4,active,0,,secondsTens,L,,
MPSOCCER_LX1-soccer,soccer,8,3,1,2,4,active,0,,timeOutTimer_minutesTens,L,,
MPSOCCER_LX1-soccer,soccer,8,4,1,2,4,active,0,,timeOfDayClock_hoursTens,L,,
,,,,,,,,,,,,,
MPSOCCER_LX1-soccer,soccer,9,1,1,3,1,0,0,teamTwoSavesTens,teamTwoSavesUnits,0,,
MPSOCCER_LX1-soccer,soccer,10,1,1,3,2,0,0,teamOneSavesTens,teamOneSavesUnits,0,,
MPSOCCER_LX1-soccer,soccer,11,1,1,3,3,0,0,,blank,0,,
MPSOCCER_LX1-soccer,soccer,12,1,1,3,4,active,0,,blank,0,,
,,,,,,,,,,,,,
MPSOCCER_LX1-soccer,soccer,13,1,1,4,1,0,0,teamTwoKicksTens,teamTwoKicksUnits,0,,
MPSOCCER_LX1-soccer,soccer,14,1,1,4,2,0,0,teamOneKicksTens,teamOneKicksUnits,0,,
MPSOCCER_LX1-soccer,soccer,15,1,1,4,3,0,0,,teamTwoPenaltyCount,0,,
MPSOCCER_LX1-soccer,soccer,16,1,1,4,4,active,0,,teamOnePenaltyCount,0,,
,,,,,,,,,,,,,
MPSOCCER_LX1-soccer,soccer,17,1,2,1,1,teamTwoGoalIndicator,0,teamTwoShotsTens,teamTwoShotsUnits,HL,,
MPSOCCER_LX1-soccer,soccer,18,1,2,1,2,teamOneGoalIndicator,0,teamOneShotsTens,teamOneShotsUnits,HL,,
MPSOCCER_LX1-soccer,soccer,18,2,2,1,2,0,0,tenthsUnits,teamOneShotsUnits,0,,
MPSOCCER_LX1-soccer,soccer,19,1,2,1,3,0,teamTwoPenaltyIndicator,,teamTwoPenaltyCount,0,,
MPSOCCER_LX1-soccer,soccer,20,1,2,1,4,active,teamOnePenaltyIndicator,,teamOnePenaltyCount,0,,
,,,,,,,,,,,,,
MPSOCCER_LX1-soccer,soccer,21,1,2,2,1,periodHorn,0,minutesTens,minutesUnits,HL,,
MPSOCCER_LX1-soccer,soccer,21,2,2,2,1,periodHorn,0,secondsTens,secondsUnits,0,,
MPSOCCER_LX1-soccer,soccer,21,3,2,2,1,periodHorn,0,timeOutTimer_minutesTens,timeOutTimer_minutesUnits,HL,,
MPSOCCER_LX1-soccer,soccer,21,4,2,2,1,periodHorn,0,timeOfDayClock_hoursTens,timeOfDayClock_hoursUnits,HL,,
MPSOCCER_LX1-soccer,soccer,22,1,2,2,2,visualHornIndicator1,0,secondsTens,secondsUnits,0,,
MPSOCCER_LX1-soccer,soccer,22,2,2,2,2,visualHornIndicator1,0,tenthsUnits,blank,AlwaysLow,,
MPSOCCER_LX1-soccer,soccer,22,3,2,2,2,visualHornIndicator1,0,timeOutTimer_secondsTens,timeOutTimer_secondsUnits,0,,
MPSOCCER_LX1-soccer,soccer,22,4,2,2,2,visualHornIndicator1,0,timeOfDayClock_minutesTens,timeOfDayClock_minutesUnits,0,,
MPSOCCER_LX1-soccer,soccer,23,1,2,2,3,0,0,,period,L,,
MPSOCCER_LX1-soccer,soccer,24,1,2,2,4,active,colonIndicator,,0,0,fQtr4_gDec,code handles qtr v period
,,,,,,,,,,,,,
MPSOCCER_LX1-soccer,soccer,25,1,2,3,1,teamTwoPossession,0,teamTwoScoreTens,teamTwoScoreUnits,0,,
MPSOCCER_LX1-soccer,soccer,25,2,2,3,1,0,0,segmentCountTens,segmentCountUnits,HL,,
MPSOCCER_LX1-soccer,soccer,26,1,2,3,2,teamOnePossession,0,teamOneScoreTens,teamOneScoreUnits,0,,
MPSOCCER_LX1-soccer,soccer,27,1,2,3,3,0,teamTwoGoalIndicator,,blank,0,,
MPSOCCER_LX1-soccer,soccer,28,1,2,3,4,active,teamOneGoalIndicator,,0,0,period_efg,
,,,,,,,,,,,,,
MPSOCCER_LX1-soccer,soccer,29,1,2,4,1,teamTwoGoalIndicator,0,teamTwoShotsTens,teamTwoShotsUnits,HL,,
MPSOCCER_LX1-soccer,soccer,30,1,2,4,2,teamOneGoalIndicator,0,teamOneShotsTens,teamOneShotsUnits,HL,,
MPSOCCER_LX1-soccer,soccer,31,1,2,4,3,0,teamTwoPenaltyIndicator,,blank,AlwaysLow,bc_detect,
MPSOCCER_LX1-soccer,soccer,32,1,2,4,4,active,teamOnePenaltyIndicator,,period,L,,
,,,,,,,,,,,,,
MPSOCCER_LX1-football,football,1,1,1,1,1,0,0,blank,blank,0,,
MPSOCCER_LX1-football,football,2,1,1,1,2,0,0,blank,blank,0,,
MPSOCCER_LX1-football,football,3,1,1,1,3,0,0,,blank,0,,
MPSOCCER_LX1-football,football,4,1,1,1,4,active,0,,blank,0,,
,,,,,,,,,,,,,
MPSOCCER_LX1-football,football,5,1,1,2,1,delayOfGameHorn,0,delayOfGameClock_secondsTens,delayOfGameClock_secondsUnits,HL,,
MPSOCCER_LX1-football,football,5,2,1,2,1,0,0,segmentCountTens,segmentCountUnits,HL,,
MPSOCCER_LX1-football,football,6,1,1,2,2,periodHorn,0,secondsTens,secondsUnits,0,,
MPSOCCER_LX1-football,football,6,2,1,2,2,periodHorn,0,tenthsUnits,blank,AlwaysLow,,
MPSOCCER_LX1-football,football,6,3,1,2,2,periodHorn,0,timeOutTimer_secondsTens,timeOutTimer_secondsUnits,0,,
MPSOCCER_LX1-football,football,6,4,1,2,2,periodHorn,0,timeOfDayClock_minutesTens,timeOfDayClock_minutesUnits,0,,
MPSOCCER_LX1-football,football,7,1,1,2,3,0,visualHornIndicator1,,minutesUnits,0,,
MPSOCCER_LX1-football,football,7,2,1,2,3,0,visualHornIndicator1,,secondsUnits,0,,
MPSOCCER_LX1-football,football,7,3,1,2,3,0,visualHornIndicator1,,timeOutTimer_minutesUnits,0,,
MPSOCCER_LX1-football,football,7,4,1,2,3,0,visualHornIndicator1,,timeOfDayClock_hoursUnits,0,,
MPSOCCER_LX1-football,football,8,1,1,2,4,active,0,,minutesTens,L,,
MPSOCCER_LX1-football,football,8,2,1,2,4,active,0,,secondsTens,L,,
MPSOCCER_LX1-football,football,8,3,1,2,4,active,0,,timeOutTimer_minutesTens,L,,
MPSOCCER_LX1-football,football,8,4,1,2,4,active,0,,timeOfDayClock_hoursTens,L,,
,,,,,,,,,,,,,
MPSOCCER_LX1-football,football,9,1,1,3,1,0,0,blank,blank,0,,
MPSOCCER_LX1-football,football,10,1,1,3,2,0,0,blank,blank,0,,
MPSOCCER_LX1-football,football,11,1,1,3,3,0,0,,blank,0,,
MPSOCCER_LX1-football,football,12,1,1,3,4,active,0,,blank,0,,
,,,,,,,,,,,,,
MPSOCCER_LX1-football,football,13,1,1,4,1,0,0,ballOnTens,ballOnUnits,HL,,
MPSOCCER_LX1-football,football,14,1,1,4,2,0,0,blank,blank,0,,
MPSOCCER_LX1-football,football,15,1,1,4,3,0,0,,teamTwoTimeOutsLeft,0,,
MPSOCCER_LX1-football,football,16,1,1,4,4,active,0,,teamOneTimeOutsLeft,0,,
,,,,,,,,,,,,,
MPSOCCER_LX1-football,football,17,1,2,1,1,0,0,blank,blank,0,,
MPSOCCER_LX1-football,football,18,1,2,1,2,0,0,blank,blank,0,,
MPSOCCER_LX1-football,football,18,2,2,1,2,0,0,tenthsUnits,blank,AlwaysLow,,
MPSOCCER_LX1-football,football,19,1,2,1,3,0,0,,teamTwoTimeOutsLeft,0,,
MPSOCCER_LX1-football,football,20,1,2,1,4,active,0,,teamOneTimeOutsLeft,0,,
,,,,,,,,,,,,,
MPSOCCER_LX1-football,football,21,1,2,2,1,periodHorn,0,minutesTens,minutesUnits,HL,,
MPSOCCER_LX1-football,football,21,2,2,2,1,periodHorn,0,secondsTens,secondsUnits,0,,
MPSOCCER_LX1-football,football,21,3,2,2,1,periodHorn,0,timeOutTimer_minutesTens,timeOutTimer_minutesUnits,HL,,
MPSOCCER_LX1-football,football,21,4,2,2,1,periodHorn,0,timeOfDayClock_hoursTens,timeOfDayClock_hoursUnits,HL,,
MPSOCCER_LX1-football,football,22,1,2,2,2,visualHornIndicator1,0,secondsTens,secondsUnits,0,,
MPSOCCER_LX1-football,football,22,2,2,2,2,visualHornIndicator1,0,tenthsUnits,blank,AlwaysLow,,
MPSOCCER_LX1-football,football,22,3,2,2,2,visualHornIndicator1,0,timeOutTimer_secondsTens,timeOutTimer_secondsUnits,0,,
MPSOCCER_LX1-football,football,22,4,2,2,2,visualHornIndicator1,0,timeOfDayClock_minutesTens,timeOfDayClock_minutesUnits,0,,
MPSOCCER_LX1-football,football,23,1,2,2,3,0,0,,yardsToGoUnits,0,,
MPSOCCER_LX1-football,football,24,1,2,2,4,active,colonIndicator,,0,0,fQtr4_gDec,
,,,,,,,,,,,,,
MPSOCCER_LX1-football,football,25,1,2,3,1,teamTwoPossession,0,teamTwoScoreTens,teamTwoScoreUnits,0,,
MPSOCCER_LX1-football,football,25,2,2,3,1,0,0,segmentCountTens,segmentCountUnits,HL,,
MPSOCCER_LX1-football,football,26,1,2,3,2,teamOnePossession,0,teamOneScoreTens,teamOneScoreUnits,0,,
MPSOCCER_LX1-football,football,27,1,2,3,3,0,0,,yardsToGoTens,L,,
MPSOCCER_LX1-football,football,28,1,2,3,4,active,0,,0,0,Down_Quarter,
,,,,,,,,,,,,,
MPSOCCER_LX1-football,football,29,1,2,4,1,0,0,yardsToGoTens,yardsToGoUnits,HL,,
MPSOCCER_LX1-football,football,30,1,2,4,2,0,0,0,down,IsolateHL,,
MPSOCCER_LX1-football,football,31,1,2,4,3,0,0,,down,L,,
MPSOCCER_LX1-football,football,32,1,2,4,4,active,0,,quarter,L,,
,,,,,,,,,,,,,
MPSTAT,stat,1,1,1,1,1,0,0,teamOnePlayerOneUnits,teamOnePlayerOneTens,0,,
MPSTAT,stat,2,1,1,1,2,0,0,teamOneFoulOneUnits,teamOneFoulOneTens,0,,
MPSTAT,stat,3,1,1,1,3,0,0,teamOnePointsOneUnits,teamOnePointsOneTens,0,,
MPSTAT,stat,4,1,1,1,4,0,0,,blank,0,,
,,,,,,,,,,,,,
MPSTAT,stat,5,1,1,2,1,0,0,teamOnePlayerTwoUnits,teamOnePlayerTwoTens,0,,
MPSTAT,stat,6,1,1,2,2,0,0,teamOneFoulTwoUnits,teamOneFoulTwoTens,0,,
MPSTAT,stat,7,1,1,2,3,0,0,teamOnePointsTwoUnits,teamOnePointsTwoTens,0,,
MPSTAT,stat,8,1,1,2,4,0,0,,blank,0,,
,,,,,,,,,,,,,
MPSTAT,stat,9,1,1,3,1,0,0,teamOnePlayerThreeUnits,teamOnePlayerThreeTens,0,,
MPSTAT,stat,10,1,1,3,2,0,0,teamOneFoulThreeUnits,teamOneFoulThreeTens,0,,
MPSTAT,stat,11,1,1,3,3,0,0,teamOnePointsThreeUnits,teamOnePointsThreeTens,0,,
MPSTAT,stat,12,1,1,3,4,0,0,,blank,0,,
,,,,,,,,,,,,,
MPSTAT,stat,13,1,1,4,1,0,0,teamOnePlayerFourUnits,teamOnePlayerFourTens,0,,
MPSTAT,stat,14,1,1,4,2,0,0,teamOneFoulFourUnits,teamOneFoulFourTens,0,,
MPSTAT,stat,15,1,1,4,3,0,0,teamOnePointsFourUnits,teamOnePointsFourTens,0,,
MPSTAT,stat,16,1,1,4,4,0,0,,blank,0,,
,,,,,,,,,,,,,
MPSTAT,stat,17,1,2,1,1,0,0,teamOnePlayerFiveUnits,teamOnePlayerFiveTens,0,,
MPSTAT,stat,18,1,2,1,2,0,0,teamOneFoulFiveUnits,teamOneFoulFiveTens,0,,
MPSTAT,stat,19,1,2,1,3,0,0,teamOnePointsFiveUnits,teamOnePointsFiveTens,0,,
MPSTAT,stat,20,1,2,1,4,0,0,,blank,0,,
,,,,,,,,,,,,,
MPSTAT,stat,21,1,2,2,1,0,0,teamOnePlayerSixUnits,teamOnePlayerSixTens,0,,
MPSTAT,stat,22,1,2,2,2,0,0,teamOneFoulSixUnits,teamOneFoulSixTens,0,,
MPSTAT,stat,23,1,2,2,3,0,0,teamOnePointsSixUnits,teamOnePointsSixTens,0,,
MPSTAT,stat,24,1,2,2,4,0,0,,blank,0,,
,,,,,,,,,,,,,
MPSTAT,stat,25,1,2,3,1,0,0,blank,blank,0,,
MPSTAT,stat,26,1,2,3,2,0,0,blank,blank,0,,
MPSTAT,stat,27,1,2,3,3,0,0,,blank,0,,
MPSTAT,stat,28,1,2,3,4,0,0,,blank,0,,
,,,,,,,,,,,,,
MPSTAT,stat,29,1,2,4,1,0,0,blank,blank,0,,
MPSTAT,stat,30,1,2,4,2,0,0,blank,blank,0,,
MPSTAT,stat,31,1,2,4,3,0,0,,blank,0,,
MPSTAT,stat,32,1,2,4,4,0,0,,blank,0,,
,,,,,,,,,,,,,
MPSTAT,stat,33,1,1,1,1,1,0,teamTwoPlayerOneUnits,teamTwoPlayerOneTens,0,,
MPSTAT,stat,34,1,1,1,2,1,0,teamTwoFoulOneUnits,teamTwoFoulOneTens,0,,
MPSTAT,stat,35,1,1,1,3,1,0,teamTwoPointsOneUnits,teamTwoPointsOneTens,0,,
MPSTAT,stat,36,1,1,1,4,1,0,,blank,0,,
,,,,,,,,,,,,,
MPSTAT,stat,37,1,1,2,1,1,0,teamTwoPlayerTwoUnits,teamTwoPlayerTwoTens,0,,
MPSTAT,stat,38,1,1,2,2,1,0,teamTwoFoulTwoUnits,teamTwoFoulTwoTens,0,,
MPSTAT,stat,39,1,1,2,3,1,0,teamTwoPointsTwoUnits,teamTwoPointsTwoTens,0,,
MPSTAT,stat,40,1,1,2,4,1,0,,blank,0,,
,,,,,,,,,,,,,
MPSTAT,stat,41,1,1,3,1,1,0,teamTwoPlayerThreeUnits,teamTwoPlayerThreeTens,0,,
MPSTAT,stat,42,1,1,3,2,1,0,teamTwoFoulThreeUnits,teamTwoFoulThreeTens,0,,
MPSTAT,stat,43,1,1,3,3,1,0,teamTwoPointsThreeUnits,teamTwoPointsThreeTens,0,,
MPSTAT,stat,44,1,1,3,4,1,0,,blank,0,,
,,,,,,,,,,,,,
MPSTAT,stat,45,1,1,4,1,1,0,teamTwoPlayerFourUnits,teamTwoPlayerFourTens,0,,
MPSTAT,stat,46,1,1,4,2,1,0,teamTwoFoulFourUnits,teamTwoFoulFourTens,0,,
MPSTAT,stat,47,1,1,4,3,1,0,teamTwoPointsFourUnits,teamTwoPointsFourTens,0,,
MPSTAT,stat,48,1,1,4,4,1,0,,blank,0,,
,,,,,,,,,,,,,
MPSTAT,stat,49,1,2,1,1,1,0,teamTwoPlayerFiveUnits,teamTwoPlayerFiveTens,0,,
MPSTAT,stat,50,1,2,1,2,1,0,teamTwoFoulFiveUnits,teamTwoFoulFiveTens,0,,
MPSTAT,stat,51,1,2,1,3,1,0,teamTwoPointsFiveUnits,teamTwoPointsFiveTens,0,,
MPSTAT,stat,52,1,2,1,4,1,0,,blank,0,,
,,,,,,,,,,,,,
MPSTAT,stat,53,1,2,2,1,1,0,teamTwoPlayerSixUnits,teamTwoPlayerSixTens,0,,
MPSTAT,stat,54,1,2,2,2,1,0,teamTwoFoulSixUnits,teamTwoFoulSixTens,0,,
MPSTAT,stat,55,1,2,2,3,1,0,teamTwoPointsSixUnits,teamTwoPointsSixTens,0,,
MPSTAT,stat,56,1,2,2,4,1,0,,blank,0,,
,,,,,,,,,,,,,
MPSTAT,stat,57,1,2,3,1,1,0,blank,blank,0,,
MPSTAT,stat,58,1,2,3,2,1,0,blank,blank,0,,
MPSTAT,stat,59,1,2,3,3,1,0,,blank,0,,
MPSTAT,stat,60,1,2,3,4,1,0,,blank,0,,
,,,,,,,,,,,,,
MPSTAT,stat,61,1,2,4,1,1,0,blank,blank,0,,
MPSTAT,stat,62,1,2,4,2,1,0,blank,blank,0,,
MPSTAT,stat,63,1,2,4,3,1,0,,blank,0,,
MPSTAT,stat,64,1,2,4,4,1,0,,blank,0,,
